screen_distance_kpc,fresnel_angle_microarcsec
0.1,21.51865455102764
0.3,12.423800997634377
1.0,6.804796056359534
3.0,3.928750834919681
10.0,2.1518654551027647
